{
	"name": "ParquetTables",
	"properties": {
		"linkedServiceName": {
			"referenceName": "AzureDataLakeStorage_LS",
			"type": "LinkedServiceReference"
		},
		"parameters": {
			"schemaName": {
				"type": "string"
			},
			"tableNmae": {
				"type": "string"
			}
		},
		"annotations": [],
		"type": "Parquet",
		"typeProperties": {
			"location": {
				"type": "AzureBlobFSLocation",
				"fileName": {
					"value": "@{concat(dataset().tableNmae,'.parquet')}",
					"type": "Expression"
				},
				"folderPath": {
					"value": "@{concat(dataset().schemaName, '/', dataset().tableNmae)}",
					"type": "Expression"
				},
				"fileSystem": "bronze"
			},
			"compressionCodec": "snappy"
		},
		"schema": []
	}
}